-- phpMyAdmin SQL Dump
-- version 4.0.4.1
-- http://www.phpmyadmin.net
--
-- Host: 127.0.0.1
-- Generation Time: Feb 05, 2014 at 09:03 PM
-- Server version: 5.5.32
-- PHP Version: 5.4.19

SET SQL_MODE = "NO_AUTO_VALUE_ON_ZERO";
SET time_zone = "+00:00";


/*!40101 SET @OLD_CHARACTER_SET_CLIENT=@@CHARACTER_SET_CLIENT */;
/*!40101 SET @OLD_CHARACTER_SET_RESULTS=@@CHARACTER_SET_RESULTS */;
/*!40101 SET @OLD_COLLATION_CONNECTION=@@COLLATION_CONNECTION */;
/*!40101 SET NAMES utf8 */;

--
-- Database: `five_star`
--
CREATE DATABASE IF NOT EXISTS `five_star` DEFAULT CHARACTER SET latin1 COLLATE latin1_swedish_ci;
USE `five_star`;

-- --------------------------------------------------------

--
-- Table structure for table `buses`
--

CREATE TABLE IF NOT EXISTS `buses` (
  `busid` int(10) unsigned NOT NULL AUTO_INCREMENT,
  `bustype` varchar(255) COLLATE utf8_unicode_ci NOT NULL DEFAULT '',
  `capacity` int(11) NOT NULL,
  `availableseats` int(11) NOT NULL,
  `status` enum('ONROAD','WAITING','ONBOARD','CLOSED') COLLATE utf8_unicode_ci DEFAULT 'WAITING',
  `busplate_no` varchar(255) COLLATE utf8_unicode_ci NOT NULL,
  `created_at` timestamp NOT NULL DEFAULT CURRENT_TIMESTAMP ON UPDATE CURRENT_TIMESTAMP,
  `updated_at` timestamp NOT NULL DEFAULT '0000-00-00 00:00:00',
  PRIMARY KEY (`busid`)
) ENGINE=InnoDB  DEFAULT CHARSET=utf8 COLLATE=utf8_unicode_ci AUTO_INCREMENT=7 ;

--
-- Dumping data for table `buses`
--

INSERT INTO `buses` (`busid`, `bustype`, `capacity`, `availableseats`, `status`, `busplate_no`, `created_at`, `updated_at`) VALUES
(1, 'AIRCON', 40, 37, 'WAITING', '123wer', '2014-02-05 15:42:41', '0000-00-00 00:00:00'),
(2, 'Test2', 40, 40, 'WAITING', 'wee2121', '2013-11-24 01:05:13', '0000-00-00 00:00:00'),
(3, 'we', 40, 40, 'WAITING', '1234', '2013-11-24 01:05:15', '0000-00-00 00:00:00'),
(4, 'wenrg', 40, 40, 'WAITING', '2345tg', '2013-11-24 01:05:17', '0000-00-00 00:00:00'),
(5, 'NOT AIRCON', 40, 0, 'CLOSED', '2034r', '2013-11-19 09:16:34', '0000-00-00 00:00:00'),
(6, 'Testq', 40, 0, 'CLOSED', '1234s', '2013-11-19 09:43:51', '0000-00-00 00:00:00');

-- --------------------------------------------------------

--
-- Table structure for table `bus_reservations`
--

CREATE TABLE IF NOT EXISTS `bus_reservations` (
  `bus_resvid` int(10) unsigned NOT NULL AUTO_INCREMENT,
  `busid` int(10) unsigned NOT NULL DEFAULT '0',
  `seatno` varchar(45) NOT NULL DEFAULT '',
  `ticketno` int(11) NOT NULL,
  `user_id` int(10) unsigned NOT NULL DEFAULT '0',
  `created_at` timestamp NOT NULL DEFAULT CURRENT_TIMESTAMP ON UPDATE CURRENT_TIMESTAMP,
  `updated_at` timestamp NOT NULL DEFAULT '0000-00-00 00:00:00',
  `status` enum('RESERVED','FREE','PAID','CANCEL') NOT NULL DEFAULT 'FREE',
  `valid_ticket` enum('YES','NO') NOT NULL DEFAULT 'YES',
  `route_id` int(11) NOT NULL,
  PRIMARY KEY (`bus_resvid`)
) ENGINE=InnoDB  DEFAULT CHARSET=latin1 AUTO_INCREMENT=29 ;

--
-- Dumping data for table `bus_reservations`
--

INSERT INTO `bus_reservations` (`bus_resvid`, `busid`, `seatno`, `ticketno`, `user_id`, `created_at`, `updated_at`, `status`, `valid_ticket`, `route_id`) VALUES
(15, 3, '3-820', 1, 1, '2013-11-19 14:01:47', '0000-00-00 00:00:00', 'CANCEL', 'YES', 1),
(16, 3, '3-465', 2, 1, '2013-11-19 14:01:47', '0000-00-00 00:00:00', 'CANCEL', 'YES', 1),
(17, 3, '3-820', 2, 1, '2013-11-19 14:01:47', '0000-00-00 00:00:00', 'CANCEL', 'YES', 1),
(18, 3, '3-703', 1, 1, '2013-11-19 14:01:47', '0000-00-00 00:00:00', 'CANCEL', 'YES', 1),
(19, 3, '3-820', 1, 1, '2013-11-19 14:01:47', '0000-00-00 00:00:00', 'CANCEL', 'YES', 1),
(20, 3, '3-780', 1, 1, '2013-11-19 22:02:52', '0000-00-00 00:00:00', 'RESERVED', 'YES', 1),
(21, 1, '1', 1, 1, '2014-02-02 06:23:09', '0000-00-00 00:00:00', 'CANCEL', 'YES', 1),
(22, 1, '1', 1, 1, '2014-02-02 15:37:08', '0000-00-00 00:00:00', 'CANCEL', 'YES', 1),
(23, 1, '1', 1, 1, '2014-02-02 15:45:12', '0000-00-00 00:00:00', 'CANCEL', 'YES', 1),
(24, 1, '1', 1, 1, '2014-02-02 15:54:18', '0000-00-00 00:00:00', 'CANCEL', 'YES', 1),
(25, 1, '5', 5, 1, '2014-02-02 16:47:53', '0000-00-00 00:00:00', 'CANCEL', 'YES', 1),
(26, 1, '5', 5, 1, '2014-02-02 16:44:51', '0000-00-00 00:00:00', 'RESERVED', 'YES', 1),
(27, 1, '1', 1, 1, '2014-02-02 16:48:20', '0000-00-00 00:00:00', 'RESERVED', 'YES', 1),
(28, 1, '5', 5, 1, '2014-02-05 15:42:41', '0000-00-00 00:00:00', 'RESERVED', 'YES', 1);

-- --------------------------------------------------------

--
-- Table structure for table `bus_routes`
--

CREATE TABLE IF NOT EXISTS `bus_routes` (
  `route_id` int(10) unsigned NOT NULL AUTO_INCREMENT,
  `busid` int(11) NOT NULL DEFAULT '0',
  `departure_date` date NOT NULL,
  `departure_time` time NOT NULL,
  `leaving_from` varchar(255) COLLATE utf8_unicode_ci NOT NULL,
  `going_to` varchar(255) COLLATE utf8_unicode_ci NOT NULL,
  `amount` float NOT NULL,
  `created_at` timestamp NOT NULL DEFAULT '0000-00-00 00:00:00',
  `updated_at` timestamp NOT NULL DEFAULT '0000-00-00 00:00:00',
  PRIMARY KEY (`route_id`,`busid`)
) ENGINE=InnoDB  DEFAULT CHARSET=utf8 COLLATE=utf8_unicode_ci AUTO_INCREMENT=5 ;

--
-- Dumping data for table `bus_routes`
--

INSERT INTO `bus_routes` (`route_id`, `busid`, `departure_date`, `departure_time`, `leaving_from`, `going_to`, `amount`, `created_at`, `updated_at`) VALUES
(1, 1, '2014-02-07', '12:04:00', 'FTI', 'AYALA', 34, '2013-08-21 16:00:00', '0000-00-00 00:00:00'),
(2, 3, '2014-02-07', '12:30:00', 'FTI', 'AYALA', 234, '0000-00-00 00:00:00', '0000-00-00 00:00:00'),
(3, 2, '2014-02-14', '22:30:00', 'Makati', 'Pasig', 230, '0000-00-00 00:00:00', '0000-00-00 00:00:00'),
(4, 4, '2014-02-14', '00:45:00', 'Makati', 'Tany', 143, '0000-00-00 00:00:00', '0000-00-00 00:00:00');

-- --------------------------------------------------------

--
-- Table structure for table `cancels`
--

CREATE TABLE IF NOT EXISTS `cancels` (
  `cancelid` int(10) unsigned NOT NULL AUTO_INCREMENT,
  `busid` int(11) NOT NULL,
  `time` datetime NOT NULL,
  `seatno` varchar(255) COLLATE utf8_unicode_ci NOT NULL,
  `ticketno` int(11) NOT NULL,
  `refamount` float(8,2) NOT NULL,
  `reason` enum('CANCELLED BY USER','EXPIRED') COLLATE utf8_unicode_ci NOT NULL,
  `user_id` int(11) NOT NULL,
  PRIMARY KEY (`cancelid`)
) ENGINE=InnoDB  DEFAULT CHARSET=utf8 COLLATE=utf8_unicode_ci AUTO_INCREMENT=33 ;

--
-- Dumping data for table `cancels`
--

INSERT INTO `cancels` (`cancelid`, `busid`, `time`, `seatno`, `ticketno`, `refamount`, `reason`, `user_id`) VALUES
(1, 3, '2013-11-17 16:53:18', '3-741', 0, 0.00, 'EXPIRED', 1),
(2, 3, '2013-11-17 16:54:15', '3-55', 0, 0.00, 'EXPIRED', 1),
(3, 3, '2013-11-17 17:08:00', '3-820', 0, 0.00, 'EXPIRED', 1),
(4, 3, '2013-11-17 17:08:00', '3-820', 0, 0.00, 'EXPIRED', 1),
(5, 3, '2013-11-17 17:08:00', '3-820', 0, 0.00, 'EXPIRED', 1),
(6, 3, '2013-11-17 17:08:39', '3-820', 0, 0.00, 'EXPIRED', 1),
(7, 3, '2013-11-17 17:08:39', '3-820', 0, 0.00, 'EXPIRED', 1),
(8, 3, '2013-11-17 17:08:39', '3-820', 0, 0.00, 'EXPIRED', 1),
(9, 3, '2013-11-18 09:53:11', '3-1', 0, 0.00, 'EXPIRED', 1),
(10, 3, '2013-11-18 09:53:11', '3-1', 0, 0.00, 'EXPIRED', 1),
(11, 3, '2013-11-18 09:53:11', '3-820', 0, 0.00, 'EXPIRED', 1),
(12, 3, '2013-11-18 09:53:11', '3-820', 0, 0.00, 'EXPIRED', 1),
(13, 3, '2013-11-18 09:54:21', '3-231', 0, 0.00, 'EXPIRED', 1),
(14, 3, '2013-11-18 09:54:21', '3-231', 0, 0.00, 'EXPIRED', 1),
(15, 3, '2013-11-18 09:55:22', '3-630', 0, 0.00, 'EXPIRED', 1),
(16, 3, '2013-11-18 09:55:22', '3-630', 0, 0.00, 'EXPIRED', 1),
(17, 3, '2013-11-18 10:50:26', '3-820', 0, 0.00, 'EXPIRED', 1),
(18, 3, '2013-11-18 10:50:26', '3-820', 0, 0.00, 'EXPIRED', 1),
(19, 3, '2013-11-18 10:55:49', '3-820', 0, 0.00, 'EXPIRED', 1),
(20, 3, '2013-11-18 10:55:49', '3-820', 0, 0.00, 'EXPIRED', 1),
(21, 3, '2013-11-18 11:03:18', '3-820', 0, 0.00, 'EXPIRED', 1),
(22, 3, '2013-11-18 11:03:18', '3-820', 0, 0.00, 'EXPIRED', 1),
(23, 3, '2013-11-18 13:14:37', '3-741', 0, 0.00, 'EXPIRED', 1),
(24, 3, '2013-11-19 09:16:35', '3-820', 1, 0.00, 'EXPIRED', 1),
(25, 3, '2013-11-19 09:16:35', '3-820', 1, 0.00, 'EXPIRED', 1),
(26, 3, '2013-11-19 09:16:35', '3-465', 2, 0.00, 'EXPIRED', 1),
(27, 3, '2013-11-19 09:16:35', '3-465', 2, 0.00, 'EXPIRED', 1),
(28, 3, '2013-11-19 09:16:35', '3-820', 2, 0.00, 'EXPIRED', 1),
(29, 3, '2013-11-19 09:16:35', '3-820', 2, 0.00, 'EXPIRED', 1),
(30, 3, '2013-11-19 10:16:50', '3-703', 1, 0.00, 'EXPIRED', 1),
(31, 3, '2013-11-19 10:16:50', '3-703', 1, 0.00, 'EXPIRED', 1),
(32, 3, '2013-11-19 22:01:47', '3-820', 1, 0.00, 'EXPIRED', 1);

-- --------------------------------------------------------

--
-- Table structure for table `cron_job`
--

CREATE TABLE IF NOT EXISTS `cron_job` (
  `id` int(10) unsigned NOT NULL AUTO_INCREMENT,
  `name` varchar(255) COLLATE utf8_unicode_ci NOT NULL,
  `return` text COLLATE utf8_unicode_ci NOT NULL,
  `runtime` float(8,2) NOT NULL,
  `cron_manager_id` int(11) NOT NULL,
  PRIMARY KEY (`id`)
) ENGINE=InnoDB  DEFAULT CHARSET=utf8 COLLATE=utf8_unicode_ci AUTO_INCREMENT=7 ;

--
-- Dumping data for table `cron_job`
--

INSERT INTO `cron_job` (`id`, `name`, `return`, `runtime`, `cron_manager_id`) VALUES
(1, 'example1', 'GI', 0.00, 2),
(2, 'example1', 'GI', 0.00, 4),
(3, 'example1', 'GI', 0.00, 6),
(4, 'example1', 'GI', 0.00, 8),
(5, 'UpdateBusScheduling', 'GI', 0.00, 9),
(6, 'UpdateBusScheduling', 'GI', 0.00, 10);

-- --------------------------------------------------------

--
-- Table structure for table `cron_manager`
--

CREATE TABLE IF NOT EXISTS `cron_manager` (
  `id` int(10) unsigned NOT NULL AUTO_INCREMENT,
  `rundate` datetime NOT NULL,
  `runtime` float(8,2) NOT NULL,
  PRIMARY KEY (`id`)
) ENGINE=InnoDB  DEFAULT CHARSET=utf8 COLLATE=utf8_unicode_ci AUTO_INCREMENT=119 ;

--
-- Dumping data for table `cron_manager`
--

INSERT INTO `cron_manager` (`id`, `rundate`, `runtime`) VALUES
(1, '2014-02-03 14:56:40', 0.00),
(2, '2014-02-03 14:56:41', 0.00),
(3, '2014-02-03 14:58:05', 0.00),
(4, '2014-02-03 14:58:06', 0.00),
(5, '2014-02-03 14:59:08', 0.00),
(6, '2014-02-03 14:59:09', 0.00),
(7, '2014-02-03 14:59:16', 0.00),
(8, '2014-02-03 14:59:17', 0.00),
(9, '2014-02-03 15:00:28', 0.01),
(10, '2014-02-03 15:00:44', 0.00),
(11, '2014-02-03 15:29:35', 0.00),
(12, '2014-02-03 15:29:44', 0.00),
(13, '2014-02-03 15:29:45', 0.00),
(14, '2014-02-03 15:30:00', 0.00),
(15, '2014-02-03 15:30:01', 0.00),
(16, '2014-02-03 15:30:15', 0.00),
(17, '2014-02-03 15:30:18', 0.00),
(18, '2014-02-03 15:30:24', 0.00),
(19, '2014-02-03 15:37:34', 0.00),
(20, '2014-02-03 15:37:38', 0.01),
(21, '2014-02-03 15:39:18', 0.01),
(22, '2014-02-03 15:40:17', 0.01),
(23, '2014-02-03 15:40:53', 0.01),
(24, '2014-02-03 15:41:08', 0.01),
(25, '2014-02-03 15:41:50', 0.00),
(26, '2014-02-03 15:41:55', 0.00),
(27, '2014-02-03 15:42:38', 0.00),
(28, '2014-02-03 15:42:43', 0.00),
(29, '2014-02-03 15:43:38', 0.00),
(30, '2014-02-03 15:44:31', 0.00),
(31, '2014-02-03 15:45:29', 0.00),
(32, '2014-02-03 15:45:35', 0.00),
(33, '2014-02-03 15:47:15', 0.01),
(34, '2014-02-03 15:47:38', 0.01),
(35, '2014-02-03 15:48:15', 0.00),
(36, '2014-02-03 15:48:24', 0.01),
(37, '2014-02-03 15:48:28', 0.00),
(38, '2014-02-03 15:48:32', 0.01),
(39, '2014-02-03 15:48:34', 0.00),
(40, '2014-02-03 15:48:36', 0.01),
(41, '2014-02-03 15:49:32', 0.01),
(42, '2014-02-03 15:50:25', 0.00),
(43, '2014-02-03 15:50:27', 0.00),
(44, '2014-02-03 15:50:31', 0.00),
(45, '2014-02-03 15:50:58', 0.00),
(46, '2014-02-03 15:51:01', 0.00),
(47, '2014-02-03 15:51:05', 0.00),
(48, '2014-02-03 15:51:33', 0.00),
(49, '2014-02-03 15:51:34', 0.00),
(50, '2014-02-03 15:57:19', 0.01),
(51, '2014-02-03 15:57:23', 0.00),
(52, '2014-02-03 15:58:45', 0.00),
(53, '2014-02-03 15:59:14', 0.00),
(54, '2014-02-03 15:59:16', 0.00),
(55, '2014-02-03 15:59:54', 0.00),
(56, '2014-02-03 15:59:57', 0.00),
(57, '2014-02-03 15:59:58', 0.00),
(58, '2014-02-03 16:02:54', 0.00),
(59, '2014-02-03 16:02:56', 0.00),
(60, '2014-02-03 16:10:04', 0.00),
(61, '2014-02-03 16:10:08', 0.00),
(62, '2014-02-03 16:10:09', 0.01),
(63, '2014-02-03 16:10:46', 0.01),
(64, '2014-02-03 16:10:50', 0.00),
(65, '2014-02-03 16:10:51', 0.00),
(66, '2014-02-03 16:11:12', 0.00),
(67, '2014-02-03 16:14:22', 0.01),
(68, '2014-02-03 16:14:26', 0.00),
(69, '2014-02-03 16:14:28', 0.00),
(70, '2014-02-03 16:14:35', 0.00),
(71, '2014-02-03 16:25:13', 0.01),
(72, '2014-02-03 16:25:15', 0.00),
(73, '2014-02-03 16:26:16', 0.00),
(74, '2014-02-03 16:26:25', 0.00),
(75, '2014-02-03 16:26:41', 0.00),
(76, '2014-02-03 16:26:43', 0.00),
(77, '2014-02-03 16:27:07', 0.00),
(78, '2014-02-03 16:27:49', 0.00),
(79, '2014-02-03 16:27:56', 0.00),
(80, '2014-02-03 16:27:58', 0.00),
(81, '2014-02-03 16:28:41', 0.00),
(82, '2014-02-03 16:28:43', 0.00),
(83, '2014-02-03 16:28:50', 0.01),
(84, '2014-02-03 16:28:51', 0.00),
(85, '2014-02-03 16:30:00', 0.00),
(86, '2014-02-03 16:30:08', 0.00),
(87, '2014-02-03 16:30:09', 0.01),
(88, '2014-02-03 16:31:28', 0.00),
(89, '2014-02-03 16:31:31', 0.00),
(90, '2014-02-03 16:31:33', 0.00),
(91, '2014-02-03 16:31:36', 0.00),
(92, '2014-02-03 16:31:39', 0.00),
(93, '2014-02-03 16:31:43', 0.00),
(94, '2014-02-03 16:33:35', 0.00),
(95, '2014-02-03 16:37:31', 0.00),
(96, '2014-02-03 16:37:57', 0.00),
(97, '2014-02-03 16:37:59', 0.00),
(98, '2014-02-03 16:37:59', 0.00),
(99, '2014-02-03 16:37:59', 0.00),
(100, '2014-02-03 16:37:59', 0.00),
(101, '2014-02-03 16:37:59', 0.01),
(102, '2014-02-03 16:39:24', 0.00),
(103, '2014-02-03 16:41:29', 0.00),
(104, '2014-02-03 16:43:03', 0.01),
(105, '2014-02-03 16:45:22', 0.00),
(106, '2014-02-03 16:45:56', 0.00),
(107, '2014-02-03 16:46:04', 0.01),
(108, '2014-02-03 16:46:23', 0.00),
(109, '2014-02-03 16:50:53', 0.00),
(110, '2014-02-03 16:54:09', 0.01),
(111, '2014-02-03 16:56:45', 0.00),
(112, '2014-02-03 16:58:03', 0.00),
(113, '2014-02-03 16:58:05', 0.00),
(114, '2014-02-03 16:58:15', 0.00),
(115, '2014-02-03 16:58:16', 0.00),
(116, '2014-02-03 16:58:25', 0.00),
(117, '2014-02-03 16:58:26', 0.00),
(118, '2014-02-03 16:58:57', 0.00);

-- --------------------------------------------------------

--
-- Table structure for table `migrations`
--

CREATE TABLE IF NOT EXISTS `migrations` (
  `migration` varchar(255) COLLATE utf8_unicode_ci NOT NULL,
  `batch` int(11) NOT NULL
) ENGINE=InnoDB DEFAULT CHARSET=utf8 COLLATE=utf8_unicode_ci;

--
-- Dumping data for table `migrations`
--

INSERT INTO `migrations` (`migration`, `batch`) VALUES
('2013_06_24_133033_create_users_table', 1),
('2013_07_21_040719_create_buses_table', 1),
('2013_07_21_040946_create_bus_routes_table', 1),
('2013_07_21_041541_create_seats_table', 1),
('2013_07_21_043415_create_tickets_table', 1),
('2013_07_21_043946_create_cancels_table', 1),
('2013_06_27_143953_create_cronmanager_table', 2),
('2013_06_27_144035_create_cronjob_table', 2);

-- --------------------------------------------------------

--
-- Table structure for table `seats`
--

CREATE TABLE IF NOT EXISTS `seats` (
  `seatno` varchar(255) COLLATE utf8_unicode_ci NOT NULL DEFAULT '',
  `ticketno` int(11) NOT NULL,
  `busid` int(11) NOT NULL,
  `seatid` int(10) unsigned NOT NULL AUTO_INCREMENT,
  PRIMARY KEY (`seatid`)
) ENGINE=InnoDB  DEFAULT CHARSET=utf8 COLLATE=utf8_unicode_ci AUTO_INCREMENT=201 ;

--
-- Dumping data for table `seats`
--

INSERT INTO `seats` (`seatno`, `ticketno`, `busid`, `seatid`) VALUES
('1', 1, 1, 1),
('2', 2, 1, 2),
('3', 3, 1, 3),
('4', 4, 1, 4),
('5', 5, 1, 5),
('6', 6, 1, 6),
('7', 7, 1, 7),
('8', 8, 1, 8),
('9', 9, 1, 9),
('10', 10, 1, 10),
('11', 11, 1, 11),
('12', 12, 1, 12),
('13', 13, 1, 13),
('14', 14, 1, 14),
('15', 15, 1, 15),
('16', 16, 1, 16),
('17', 17, 1, 17),
('18', 18, 1, 18),
('19', 19, 1, 19),
('20', 20, 1, 20),
('21', 21, 1, 21),
('22', 22, 1, 22),
('23', 23, 1, 23),
('24', 24, 1, 24),
('25', 25, 1, 25),
('26', 26, 1, 26),
('27', 27, 1, 27),
('28', 28, 1, 28),
('29', 29, 1, 29),
('30', 30, 1, 30),
('31', 31, 1, 31),
('32', 32, 1, 32),
('33', 33, 1, 33),
('34', 34, 1, 34),
('35', 35, 1, 35),
('36', 36, 1, 36),
('37', 37, 1, 37),
('38', 38, 1, 38),
('39', 39, 1, 39),
('40', 40, 1, 40),
('41', 41, 1, 41),
('42', 42, 1, 42),
('43', 43, 1, 43),
('44', 44, 1, 44),
('45', 45, 1, 45),
('46', 46, 1, 46),
('47', 47, 1, 47),
('48', 48, 1, 48),
('49', 49, 1, 49),
('50', 50, 1, 50),
('51', 51, 2, 51),
('52', 52, 2, 52),
('53', 53, 2, 53),
('54', 54, 2, 54),
('55', 55, 2, 55),
('56', 56, 2, 56),
('57', 57, 2, 57),
('58', 58, 2, 58),
('59', 59, 2, 59),
('60', 60, 2, 60),
('61', 61, 2, 61),
('62', 62, 2, 62),
('63', 63, 2, 63),
('64', 64, 2, 64),
('65', 65, 2, 65),
('66', 66, 2, 66),
('67', 67, 2, 67),
('68', 68, 2, 68),
('69', 69, 2, 69),
('70', 70, 2, 70),
('71', 71, 2, 71),
('72', 72, 2, 72),
('73', 73, 2, 73),
('74', 74, 2, 74),
('75', 75, 2, 75),
('76', 76, 2, 76),
('77', 77, 2, 77),
('78', 78, 2, 78),
('79', 79, 2, 79),
('80', 80, 2, 80),
('81', 81, 2, 81),
('82', 82, 2, 82),
('83', 83, 2, 83),
('84', 84, 2, 84),
('85', 85, 2, 85),
('86', 86, 2, 86),
('87', 87, 2, 87),
('88', 88, 2, 88),
('89', 89, 2, 89),
('90', 90, 2, 90),
('91', 91, 2, 91),
('92', 92, 2, 92),
('93', 93, 2, 93),
('94', 94, 2, 94),
('95', 95, 2, 95),
('96', 96, 2, 96),
('97', 97, 2, 97),
('98', 98, 2, 98),
('99', 99, 2, 99),
('100', 100, 2, 100),
('101', 101, 3, 101),
('102', 102, 3, 102),
('103', 103, 3, 103),
('104', 104, 3, 104),
('105', 105, 3, 105),
('106', 106, 3, 106),
('107', 107, 3, 107),
('108', 108, 3, 108),
('109', 109, 3, 109),
('110', 110, 3, 110),
('111', 111, 3, 111),
('112', 112, 3, 112),
('113', 113, 3, 113),
('114', 114, 3, 114),
('115', 115, 3, 115),
('116', 116, 3, 116),
('117', 117, 3, 117),
('118', 118, 3, 118),
('119', 119, 3, 119),
('120', 120, 3, 120),
('121', 121, 3, 121),
('122', 122, 3, 122),
('123', 123, 3, 123),
('124', 124, 3, 124),
('125', 125, 3, 125),
('126', 126, 3, 126),
('127', 127, 3, 127),
('128', 128, 3, 128),
('129', 129, 3, 129),
('130', 130, 3, 130),
('131', 131, 3, 131),
('132', 132, 3, 132),
('133', 133, 3, 133),
('134', 134, 3, 134),
('135', 135, 3, 135),
('136', 136, 3, 136),
('137', 137, 3, 137),
('138', 138, 3, 138),
('139', 139, 3, 139),
('140', 140, 3, 140),
('141', 141, 3, 141),
('142', 142, 3, 142),
('143', 143, 3, 143),
('144', 144, 3, 144),
('145', 145, 3, 145),
('146', 146, 3, 146),
('147', 147, 3, 147),
('148', 148, 3, 148),
('149', 149, 3, 149),
('150', 150, 3, 150),
('151', 151, 4, 151),
('152', 152, 4, 152),
('153', 153, 4, 153),
('154', 154, 4, 154),
('155', 155, 4, 155),
('156', 156, 4, 156),
('157', 157, 4, 157),
('158', 158, 4, 158),
('159', 159, 4, 159),
('160', 160, 4, 160),
('161', 161, 4, 161),
('162', 162, 4, 162),
('163', 163, 4, 163),
('164', 164, 4, 164),
('165', 165, 4, 165),
('166', 166, 4, 166),
('167', 167, 4, 167),
('168', 168, 4, 168),
('169', 169, 4, 169),
('170', 170, 4, 170),
('171', 171, 4, 171),
('172', 172, 4, 172),
('173', 173, 4, 173),
('174', 174, 4, 174),
('175', 175, 4, 175),
('176', 176, 4, 176),
('177', 177, 4, 177),
('178', 178, 4, 178),
('179', 179, 4, 179),
('180', 180, 4, 180),
('181', 181, 4, 181),
('182', 182, 4, 182),
('183', 183, 4, 183),
('184', 184, 4, 184),
('185', 185, 4, 185),
('186', 186, 4, 186),
('187', 187, 4, 187),
('188', 188, 4, 188),
('189', 189, 4, 189),
('190', 190, 4, 190),
('191', 191, 4, 191),
('192', 192, 4, 192),
('193', 193, 4, 193),
('194', 194, 4, 194),
('195', 195, 4, 195),
('196', 196, 4, 196),
('197', 197, 4, 197),
('198', 198, 4, 198),
('199', 199, 4, 199),
('200', 200, 4, 200);

-- --------------------------------------------------------

--
-- Table structure for table `tickets`
--

CREATE TABLE IF NOT EXISTS `tickets` (
  `ticketno` int(10) unsigned NOT NULL AUTO_INCREMENT,
  `route_id` int(11) NOT NULL,
  `busid` int(11) NOT NULL,
  `date` date NOT NULL,
  `amount` float(8,2) NOT NULL,
  `status` enum('RESERVED','FREE','PAID','CANCEL') COLLATE utf8_unicode_ci NOT NULL,
  `discount` float(8,2) NOT NULL,
  `created_at` timestamp NOT NULL DEFAULT '0000-00-00 00:00:00',
  `updated_at` timestamp NOT NULL DEFAULT '0000-00-00 00:00:00',
  PRIMARY KEY (`ticketno`)
) ENGINE=InnoDB  DEFAULT CHARSET=utf8 COLLATE=utf8_unicode_ci AUTO_INCREMENT=201 ;

--
-- Dumping data for table `tickets`
--

INSERT INTO `tickets` (`ticketno`, `route_id`, `busid`, `date`, `amount`, `status`, `discount`, `created_at`, `updated_at`) VALUES
(1, 1, 1, '2014-02-02', 34.00, 'RESERVED', 0.00, '0000-00-00 00:00:00', '0000-00-00 00:00:00'),
(2, 0, 1, '0000-00-00', 0.00, 'RESERVED', 0.00, '0000-00-00 00:00:00', '0000-00-00 00:00:00'),
(3, 0, 1, '0000-00-00', 0.00, 'RESERVED', 0.00, '0000-00-00 00:00:00', '0000-00-00 00:00:00'),
(4, 0, 1, '0000-00-00', 0.00, 'RESERVED', 0.00, '0000-00-00 00:00:00', '0000-00-00 00:00:00'),
(5, 1, 1, '2014-02-05', 34.00, 'RESERVED', 0.00, '0000-00-00 00:00:00', '0000-00-00 00:00:00'),
(6, 0, 1, '0000-00-00', 0.00, 'RESERVED', 0.00, '0000-00-00 00:00:00', '0000-00-00 00:00:00'),
(7, 0, 1, '0000-00-00', 0.00, 'RESERVED', 0.00, '0000-00-00 00:00:00', '0000-00-00 00:00:00'),
(8, 0, 1, '0000-00-00', 0.00, 'RESERVED', 0.00, '0000-00-00 00:00:00', '0000-00-00 00:00:00'),
(9, 0, 1, '0000-00-00', 0.00, 'RESERVED', 0.00, '0000-00-00 00:00:00', '0000-00-00 00:00:00'),
(10, 0, 1, '0000-00-00', 0.00, 'RESERVED', 0.00, '0000-00-00 00:00:00', '0000-00-00 00:00:00'),
(11, 0, 1, '0000-00-00', 0.00, 'RESERVED', 0.00, '0000-00-00 00:00:00', '0000-00-00 00:00:00'),
(12, 0, 1, '0000-00-00', 0.00, 'RESERVED', 0.00, '0000-00-00 00:00:00', '0000-00-00 00:00:00'),
(13, 0, 1, '0000-00-00', 0.00, 'RESERVED', 0.00, '0000-00-00 00:00:00', '0000-00-00 00:00:00'),
(14, 0, 1, '0000-00-00', 0.00, 'RESERVED', 0.00, '0000-00-00 00:00:00', '0000-00-00 00:00:00'),
(15, 0, 1, '0000-00-00', 0.00, 'RESERVED', 0.00, '0000-00-00 00:00:00', '0000-00-00 00:00:00'),
(16, 0, 1, '0000-00-00', 0.00, 'RESERVED', 0.00, '0000-00-00 00:00:00', '0000-00-00 00:00:00'),
(17, 0, 1, '0000-00-00', 0.00, 'RESERVED', 0.00, '0000-00-00 00:00:00', '0000-00-00 00:00:00'),
(18, 0, 1, '0000-00-00', 0.00, 'RESERVED', 0.00, '0000-00-00 00:00:00', '0000-00-00 00:00:00'),
(19, 0, 1, '0000-00-00', 0.00, 'RESERVED', 0.00, '0000-00-00 00:00:00', '0000-00-00 00:00:00'),
(20, 0, 1, '0000-00-00', 0.00, 'RESERVED', 0.00, '0000-00-00 00:00:00', '0000-00-00 00:00:00'),
(21, 0, 1, '0000-00-00', 0.00, 'RESERVED', 0.00, '0000-00-00 00:00:00', '0000-00-00 00:00:00'),
(22, 0, 1, '0000-00-00', 0.00, 'RESERVED', 0.00, '0000-00-00 00:00:00', '0000-00-00 00:00:00'),
(23, 0, 1, '0000-00-00', 0.00, 'RESERVED', 0.00, '0000-00-00 00:00:00', '0000-00-00 00:00:00'),
(24, 0, 1, '0000-00-00', 0.00, 'RESERVED', 0.00, '0000-00-00 00:00:00', '0000-00-00 00:00:00'),
(25, 0, 1, '0000-00-00', 0.00, 'RESERVED', 0.00, '0000-00-00 00:00:00', '0000-00-00 00:00:00'),
(26, 0, 1, '0000-00-00', 0.00, 'RESERVED', 0.00, '0000-00-00 00:00:00', '0000-00-00 00:00:00'),
(27, 0, 1, '0000-00-00', 0.00, 'RESERVED', 0.00, '0000-00-00 00:00:00', '0000-00-00 00:00:00'),
(28, 0, 1, '0000-00-00', 0.00, 'RESERVED', 0.00, '0000-00-00 00:00:00', '0000-00-00 00:00:00'),
(29, 0, 1, '0000-00-00', 0.00, 'RESERVED', 0.00, '0000-00-00 00:00:00', '0000-00-00 00:00:00'),
(30, 0, 1, '0000-00-00', 0.00, 'RESERVED', 0.00, '0000-00-00 00:00:00', '0000-00-00 00:00:00'),
(31, 0, 1, '0000-00-00', 0.00, 'FREE', 0.00, '0000-00-00 00:00:00', '0000-00-00 00:00:00'),
(32, 0, 1, '0000-00-00', 0.00, 'FREE', 0.00, '0000-00-00 00:00:00', '0000-00-00 00:00:00'),
(33, 0, 1, '0000-00-00', 0.00, 'FREE', 0.00, '0000-00-00 00:00:00', '0000-00-00 00:00:00'),
(34, 0, 1, '0000-00-00', 0.00, 'FREE', 0.00, '0000-00-00 00:00:00', '0000-00-00 00:00:00'),
(35, 0, 1, '0000-00-00', 0.00, 'FREE', 0.00, '0000-00-00 00:00:00', '0000-00-00 00:00:00'),
(36, 0, 1, '0000-00-00', 0.00, 'FREE', 0.00, '0000-00-00 00:00:00', '0000-00-00 00:00:00'),
(37, 0, 1, '0000-00-00', 0.00, 'FREE', 0.00, '0000-00-00 00:00:00', '0000-00-00 00:00:00'),
(38, 0, 1, '0000-00-00', 0.00, 'FREE', 0.00, '0000-00-00 00:00:00', '0000-00-00 00:00:00'),
(39, 0, 1, '0000-00-00', 0.00, 'FREE', 0.00, '0000-00-00 00:00:00', '0000-00-00 00:00:00'),
(40, 0, 1, '0000-00-00', 0.00, 'FREE', 0.00, '0000-00-00 00:00:00', '0000-00-00 00:00:00'),
(41, 0, 1, '0000-00-00', 0.00, 'FREE', 0.00, '0000-00-00 00:00:00', '0000-00-00 00:00:00'),
(42, 0, 1, '0000-00-00', 0.00, 'FREE', 0.00, '0000-00-00 00:00:00', '0000-00-00 00:00:00'),
(43, 0, 1, '0000-00-00', 0.00, 'FREE', 0.00, '0000-00-00 00:00:00', '0000-00-00 00:00:00'),
(44, 0, 1, '0000-00-00', 0.00, 'FREE', 0.00, '0000-00-00 00:00:00', '0000-00-00 00:00:00'),
(45, 0, 1, '0000-00-00', 0.00, 'FREE', 0.00, '0000-00-00 00:00:00', '0000-00-00 00:00:00'),
(46, 0, 1, '0000-00-00', 0.00, 'FREE', 0.00, '0000-00-00 00:00:00', '0000-00-00 00:00:00'),
(47, 0, 1, '0000-00-00', 0.00, 'FREE', 0.00, '0000-00-00 00:00:00', '0000-00-00 00:00:00'),
(48, 0, 1, '0000-00-00', 0.00, 'FREE', 0.00, '0000-00-00 00:00:00', '0000-00-00 00:00:00'),
(49, 0, 1, '0000-00-00', 0.00, 'FREE', 0.00, '0000-00-00 00:00:00', '0000-00-00 00:00:00'),
(50, 0, 1, '0000-00-00', 0.00, 'FREE', 0.00, '0000-00-00 00:00:00', '0000-00-00 00:00:00'),
(51, 0, 2, '0000-00-00', 0.00, 'FREE', 0.00, '0000-00-00 00:00:00', '0000-00-00 00:00:00'),
(52, 0, 2, '0000-00-00', 0.00, 'FREE', 0.00, '0000-00-00 00:00:00', '0000-00-00 00:00:00'),
(53, 0, 2, '0000-00-00', 0.00, 'FREE', 0.00, '0000-00-00 00:00:00', '0000-00-00 00:00:00'),
(54, 0, 2, '0000-00-00', 0.00, 'FREE', 0.00, '0000-00-00 00:00:00', '0000-00-00 00:00:00'),
(55, 0, 2, '0000-00-00', 0.00, 'FREE', 0.00, '0000-00-00 00:00:00', '0000-00-00 00:00:00'),
(56, 0, 2, '0000-00-00', 0.00, 'FREE', 0.00, '0000-00-00 00:00:00', '0000-00-00 00:00:00'),
(57, 0, 2, '0000-00-00', 0.00, 'FREE', 0.00, '0000-00-00 00:00:00', '0000-00-00 00:00:00'),
(58, 0, 2, '0000-00-00', 0.00, 'FREE', 0.00, '0000-00-00 00:00:00', '0000-00-00 00:00:00'),
(59, 0, 2, '0000-00-00', 0.00, 'FREE', 0.00, '0000-00-00 00:00:00', '0000-00-00 00:00:00'),
(60, 0, 2, '0000-00-00', 0.00, 'FREE', 0.00, '0000-00-00 00:00:00', '0000-00-00 00:00:00'),
(61, 0, 2, '0000-00-00', 0.00, 'FREE', 0.00, '0000-00-00 00:00:00', '0000-00-00 00:00:00'),
(62, 0, 2, '0000-00-00', 0.00, 'FREE', 0.00, '0000-00-00 00:00:00', '0000-00-00 00:00:00'),
(63, 0, 2, '0000-00-00', 0.00, 'FREE', 0.00, '0000-00-00 00:00:00', '0000-00-00 00:00:00'),
(64, 0, 2, '0000-00-00', 0.00, 'FREE', 0.00, '0000-00-00 00:00:00', '0000-00-00 00:00:00'),
(65, 0, 2, '0000-00-00', 0.00, 'FREE', 0.00, '0000-00-00 00:00:00', '0000-00-00 00:00:00'),
(66, 0, 2, '0000-00-00', 0.00, 'FREE', 0.00, '0000-00-00 00:00:00', '0000-00-00 00:00:00'),
(67, 0, 2, '0000-00-00', 0.00, 'FREE', 0.00, '0000-00-00 00:00:00', '0000-00-00 00:00:00'),
(68, 0, 2, '0000-00-00', 0.00, 'FREE', 0.00, '0000-00-00 00:00:00', '0000-00-00 00:00:00'),
(69, 0, 2, '0000-00-00', 0.00, 'FREE', 0.00, '0000-00-00 00:00:00', '0000-00-00 00:00:00'),
(70, 0, 2, '0000-00-00', 0.00, 'FREE', 0.00, '0000-00-00 00:00:00', '0000-00-00 00:00:00'),
(71, 0, 2, '0000-00-00', 0.00, 'FREE', 0.00, '0000-00-00 00:00:00', '0000-00-00 00:00:00'),
(72, 0, 2, '0000-00-00', 0.00, 'FREE', 0.00, '0000-00-00 00:00:00', '0000-00-00 00:00:00'),
(73, 0, 2, '0000-00-00', 0.00, 'FREE', 0.00, '0000-00-00 00:00:00', '0000-00-00 00:00:00'),
(74, 0, 2, '0000-00-00', 0.00, 'FREE', 0.00, '0000-00-00 00:00:00', '0000-00-00 00:00:00'),
(75, 0, 2, '0000-00-00', 0.00, 'FREE', 0.00, '0000-00-00 00:00:00', '0000-00-00 00:00:00'),
(76, 0, 2, '0000-00-00', 0.00, 'FREE', 0.00, '0000-00-00 00:00:00', '0000-00-00 00:00:00'),
(77, 0, 2, '0000-00-00', 0.00, 'FREE', 0.00, '0000-00-00 00:00:00', '0000-00-00 00:00:00'),
(78, 0, 2, '0000-00-00', 0.00, 'FREE', 0.00, '0000-00-00 00:00:00', '0000-00-00 00:00:00'),
(79, 0, 2, '0000-00-00', 0.00, 'FREE', 0.00, '0000-00-00 00:00:00', '0000-00-00 00:00:00'),
(80, 0, 2, '0000-00-00', 0.00, 'FREE', 0.00, '0000-00-00 00:00:00', '0000-00-00 00:00:00'),
(81, 0, 2, '0000-00-00', 0.00, 'FREE', 0.00, '0000-00-00 00:00:00', '0000-00-00 00:00:00'),
(82, 0, 2, '0000-00-00', 0.00, 'FREE', 0.00, '0000-00-00 00:00:00', '0000-00-00 00:00:00'),
(83, 0, 2, '0000-00-00', 0.00, 'FREE', 0.00, '0000-00-00 00:00:00', '0000-00-00 00:00:00'),
(84, 0, 2, '0000-00-00', 0.00, 'FREE', 0.00, '0000-00-00 00:00:00', '0000-00-00 00:00:00'),
(85, 0, 2, '0000-00-00', 0.00, 'FREE', 0.00, '0000-00-00 00:00:00', '0000-00-00 00:00:00'),
(86, 0, 2, '0000-00-00', 0.00, 'FREE', 0.00, '0000-00-00 00:00:00', '0000-00-00 00:00:00'),
(87, 0, 2, '0000-00-00', 0.00, 'FREE', 0.00, '0000-00-00 00:00:00', '0000-00-00 00:00:00'),
(88, 0, 2, '0000-00-00', 0.00, 'FREE', 0.00, '0000-00-00 00:00:00', '0000-00-00 00:00:00'),
(89, 0, 2, '0000-00-00', 0.00, 'FREE', 0.00, '0000-00-00 00:00:00', '0000-00-00 00:00:00'),
(90, 0, 2, '0000-00-00', 0.00, 'FREE', 0.00, '0000-00-00 00:00:00', '0000-00-00 00:00:00'),
(91, 0, 2, '0000-00-00', 0.00, 'FREE', 0.00, '0000-00-00 00:00:00', '0000-00-00 00:00:00'),
(92, 0, 2, '0000-00-00', 0.00, 'FREE', 0.00, '0000-00-00 00:00:00', '0000-00-00 00:00:00'),
(93, 0, 2, '0000-00-00', 0.00, 'FREE', 0.00, '0000-00-00 00:00:00', '0000-00-00 00:00:00'),
(94, 0, 2, '0000-00-00', 0.00, 'FREE', 0.00, '0000-00-00 00:00:00', '0000-00-00 00:00:00'),
(95, 0, 2, '0000-00-00', 0.00, 'FREE', 0.00, '0000-00-00 00:00:00', '0000-00-00 00:00:00'),
(96, 0, 2, '0000-00-00', 0.00, 'FREE', 0.00, '0000-00-00 00:00:00', '0000-00-00 00:00:00'),
(97, 0, 2, '0000-00-00', 0.00, 'FREE', 0.00, '0000-00-00 00:00:00', '0000-00-00 00:00:00'),
(98, 0, 2, '0000-00-00', 0.00, 'FREE', 0.00, '0000-00-00 00:00:00', '0000-00-00 00:00:00'),
(99, 0, 2, '0000-00-00', 0.00, 'FREE', 0.00, '0000-00-00 00:00:00', '0000-00-00 00:00:00'),
(100, 0, 2, '0000-00-00', 0.00, 'FREE', 0.00, '0000-00-00 00:00:00', '0000-00-00 00:00:00'),
(101, 0, 3, '0000-00-00', 0.00, 'FREE', 0.00, '0000-00-00 00:00:00', '0000-00-00 00:00:00'),
(102, 0, 3, '0000-00-00', 0.00, 'FREE', 0.00, '0000-00-00 00:00:00', '0000-00-00 00:00:00'),
(103, 0, 3, '0000-00-00', 0.00, 'FREE', 0.00, '0000-00-00 00:00:00', '0000-00-00 00:00:00'),
(104, 0, 3, '0000-00-00', 0.00, 'FREE', 0.00, '0000-00-00 00:00:00', '0000-00-00 00:00:00'),
(105, 0, 3, '0000-00-00', 0.00, 'FREE', 0.00, '0000-00-00 00:00:00', '0000-00-00 00:00:00'),
(106, 0, 3, '0000-00-00', 0.00, 'FREE', 0.00, '0000-00-00 00:00:00', '0000-00-00 00:00:00'),
(107, 0, 3, '0000-00-00', 0.00, 'FREE', 0.00, '0000-00-00 00:00:00', '0000-00-00 00:00:00'),
(108, 0, 3, '0000-00-00', 0.00, 'FREE', 0.00, '0000-00-00 00:00:00', '0000-00-00 00:00:00'),
(109, 0, 3, '0000-00-00', 0.00, 'FREE', 0.00, '0000-00-00 00:00:00', '0000-00-00 00:00:00'),
(110, 0, 3, '0000-00-00', 0.00, 'FREE', 0.00, '0000-00-00 00:00:00', '0000-00-00 00:00:00'),
(111, 0, 3, '0000-00-00', 0.00, 'FREE', 0.00, '0000-00-00 00:00:00', '0000-00-00 00:00:00'),
(112, 0, 3, '0000-00-00', 0.00, 'FREE', 0.00, '0000-00-00 00:00:00', '0000-00-00 00:00:00'),
(113, 0, 3, '0000-00-00', 0.00, 'FREE', 0.00, '0000-00-00 00:00:00', '0000-00-00 00:00:00'),
(114, 0, 3, '0000-00-00', 0.00, 'FREE', 0.00, '0000-00-00 00:00:00', '0000-00-00 00:00:00'),
(115, 0, 3, '0000-00-00', 0.00, 'FREE', 0.00, '0000-00-00 00:00:00', '0000-00-00 00:00:00'),
(116, 0, 3, '0000-00-00', 0.00, 'FREE', 0.00, '0000-00-00 00:00:00', '0000-00-00 00:00:00'),
(117, 0, 3, '0000-00-00', 0.00, 'FREE', 0.00, '0000-00-00 00:00:00', '0000-00-00 00:00:00'),
(118, 0, 3, '0000-00-00', 0.00, 'FREE', 0.00, '0000-00-00 00:00:00', '0000-00-00 00:00:00'),
(119, 0, 3, '0000-00-00', 0.00, 'FREE', 0.00, '0000-00-00 00:00:00', '0000-00-00 00:00:00'),
(120, 0, 3, '0000-00-00', 0.00, 'FREE', 0.00, '0000-00-00 00:00:00', '0000-00-00 00:00:00'),
(121, 0, 3, '0000-00-00', 0.00, 'FREE', 0.00, '0000-00-00 00:00:00', '0000-00-00 00:00:00'),
(122, 0, 3, '0000-00-00', 0.00, 'FREE', 0.00, '0000-00-00 00:00:00', '0000-00-00 00:00:00'),
(123, 0, 3, '0000-00-00', 0.00, 'FREE', 0.00, '0000-00-00 00:00:00', '0000-00-00 00:00:00'),
(124, 0, 3, '0000-00-00', 0.00, 'FREE', 0.00, '0000-00-00 00:00:00', '0000-00-00 00:00:00'),
(125, 0, 3, '0000-00-00', 0.00, 'FREE', 0.00, '0000-00-00 00:00:00', '0000-00-00 00:00:00'),
(126, 0, 3, '0000-00-00', 0.00, 'FREE', 0.00, '0000-00-00 00:00:00', '0000-00-00 00:00:00'),
(127, 0, 3, '0000-00-00', 0.00, 'FREE', 0.00, '0000-00-00 00:00:00', '0000-00-00 00:00:00'),
(128, 0, 3, '0000-00-00', 0.00, 'FREE', 0.00, '0000-00-00 00:00:00', '0000-00-00 00:00:00'),
(129, 0, 3, '0000-00-00', 0.00, 'FREE', 0.00, '0000-00-00 00:00:00', '0000-00-00 00:00:00'),
(130, 0, 3, '0000-00-00', 0.00, 'FREE', 0.00, '0000-00-00 00:00:00', '0000-00-00 00:00:00'),
(131, 0, 3, '0000-00-00', 0.00, 'FREE', 0.00, '0000-00-00 00:00:00', '0000-00-00 00:00:00'),
(132, 0, 3, '0000-00-00', 0.00, 'FREE', 0.00, '0000-00-00 00:00:00', '0000-00-00 00:00:00'),
(133, 0, 3, '0000-00-00', 0.00, 'FREE', 0.00, '0000-00-00 00:00:00', '0000-00-00 00:00:00'),
(134, 0, 3, '0000-00-00', 0.00, 'FREE', 0.00, '0000-00-00 00:00:00', '0000-00-00 00:00:00'),
(135, 0, 3, '0000-00-00', 0.00, 'FREE', 0.00, '0000-00-00 00:00:00', '0000-00-00 00:00:00'),
(136, 0, 3, '0000-00-00', 0.00, 'FREE', 0.00, '0000-00-00 00:00:00', '0000-00-00 00:00:00'),
(137, 0, 3, '0000-00-00', 0.00, 'FREE', 0.00, '0000-00-00 00:00:00', '0000-00-00 00:00:00'),
(138, 0, 3, '0000-00-00', 0.00, 'FREE', 0.00, '0000-00-00 00:00:00', '0000-00-00 00:00:00'),
(139, 0, 3, '0000-00-00', 0.00, 'FREE', 0.00, '0000-00-00 00:00:00', '0000-00-00 00:00:00'),
(140, 0, 3, '0000-00-00', 0.00, 'FREE', 0.00, '0000-00-00 00:00:00', '0000-00-00 00:00:00'),
(141, 0, 3, '0000-00-00', 0.00, 'FREE', 0.00, '0000-00-00 00:00:00', '0000-00-00 00:00:00'),
(142, 0, 3, '0000-00-00', 0.00, 'FREE', 0.00, '0000-00-00 00:00:00', '0000-00-00 00:00:00'),
(143, 0, 3, '0000-00-00', 0.00, 'FREE', 0.00, '0000-00-00 00:00:00', '0000-00-00 00:00:00'),
(144, 0, 3, '0000-00-00', 0.00, 'FREE', 0.00, '0000-00-00 00:00:00', '0000-00-00 00:00:00'),
(145, 0, 3, '0000-00-00', 0.00, 'FREE', 0.00, '0000-00-00 00:00:00', '0000-00-00 00:00:00'),
(146, 0, 3, '0000-00-00', 0.00, 'FREE', 0.00, '0000-00-00 00:00:00', '0000-00-00 00:00:00'),
(147, 0, 3, '0000-00-00', 0.00, 'FREE', 0.00, '0000-00-00 00:00:00', '0000-00-00 00:00:00'),
(148, 0, 3, '0000-00-00', 0.00, 'FREE', 0.00, '0000-00-00 00:00:00', '0000-00-00 00:00:00'),
(149, 0, 3, '0000-00-00', 0.00, 'FREE', 0.00, '0000-00-00 00:00:00', '0000-00-00 00:00:00'),
(150, 0, 3, '0000-00-00', 0.00, 'FREE', 0.00, '0000-00-00 00:00:00', '0000-00-00 00:00:00'),
(151, 0, 4, '0000-00-00', 0.00, 'FREE', 0.00, '0000-00-00 00:00:00', '0000-00-00 00:00:00'),
(152, 0, 4, '0000-00-00', 0.00, 'FREE', 0.00, '0000-00-00 00:00:00', '0000-00-00 00:00:00'),
(153, 0, 4, '0000-00-00', 0.00, 'FREE', 0.00, '0000-00-00 00:00:00', '0000-00-00 00:00:00'),
(154, 0, 4, '0000-00-00', 0.00, 'FREE', 0.00, '0000-00-00 00:00:00', '0000-00-00 00:00:00'),
(155, 0, 4, '0000-00-00', 0.00, 'FREE', 0.00, '0000-00-00 00:00:00', '0000-00-00 00:00:00'),
(156, 0, 4, '0000-00-00', 0.00, 'FREE', 0.00, '0000-00-00 00:00:00', '0000-00-00 00:00:00'),
(157, 0, 4, '0000-00-00', 0.00, 'FREE', 0.00, '0000-00-00 00:00:00', '0000-00-00 00:00:00'),
(158, 0, 4, '0000-00-00', 0.00, 'FREE', 0.00, '0000-00-00 00:00:00', '0000-00-00 00:00:00'),
(159, 0, 4, '0000-00-00', 0.00, 'FREE', 0.00, '0000-00-00 00:00:00', '0000-00-00 00:00:00'),
(160, 0, 4, '0000-00-00', 0.00, 'FREE', 0.00, '0000-00-00 00:00:00', '0000-00-00 00:00:00'),
(161, 0, 4, '0000-00-00', 0.00, 'FREE', 0.00, '0000-00-00 00:00:00', '0000-00-00 00:00:00'),
(162, 0, 4, '0000-00-00', 0.00, 'FREE', 0.00, '0000-00-00 00:00:00', '0000-00-00 00:00:00'),
(163, 0, 4, '0000-00-00', 0.00, 'FREE', 0.00, '0000-00-00 00:00:00', '0000-00-00 00:00:00'),
(164, 0, 4, '0000-00-00', 0.00, 'FREE', 0.00, '0000-00-00 00:00:00', '0000-00-00 00:00:00'),
(165, 0, 4, '0000-00-00', 0.00, 'FREE', 0.00, '0000-00-00 00:00:00', '0000-00-00 00:00:00'),
(166, 0, 4, '0000-00-00', 0.00, 'FREE', 0.00, '0000-00-00 00:00:00', '0000-00-00 00:00:00'),
(167, 0, 4, '0000-00-00', 0.00, 'FREE', 0.00, '0000-00-00 00:00:00', '0000-00-00 00:00:00'),
(168, 0, 4, '0000-00-00', 0.00, 'FREE', 0.00, '0000-00-00 00:00:00', '0000-00-00 00:00:00'),
(169, 0, 4, '0000-00-00', 0.00, 'FREE', 0.00, '0000-00-00 00:00:00', '0000-00-00 00:00:00'),
(170, 0, 4, '0000-00-00', 0.00, 'FREE', 0.00, '0000-00-00 00:00:00', '0000-00-00 00:00:00'),
(171, 0, 4, '0000-00-00', 0.00, 'FREE', 0.00, '0000-00-00 00:00:00', '0000-00-00 00:00:00'),
(172, 0, 4, '0000-00-00', 0.00, 'FREE', 0.00, '0000-00-00 00:00:00', '0000-00-00 00:00:00'),
(173, 0, 4, '0000-00-00', 0.00, 'FREE', 0.00, '0000-00-00 00:00:00', '0000-00-00 00:00:00'),
(174, 0, 4, '0000-00-00', 0.00, 'FREE', 0.00, '0000-00-00 00:00:00', '0000-00-00 00:00:00'),
(175, 0, 4, '0000-00-00', 0.00, 'FREE', 0.00, '0000-00-00 00:00:00', '0000-00-00 00:00:00'),
(176, 0, 4, '0000-00-00', 0.00, 'FREE', 0.00, '0000-00-00 00:00:00', '0000-00-00 00:00:00'),
(177, 0, 4, '0000-00-00', 0.00, 'FREE', 0.00, '0000-00-00 00:00:00', '0000-00-00 00:00:00'),
(178, 0, 4, '0000-00-00', 0.00, 'FREE', 0.00, '0000-00-00 00:00:00', '0000-00-00 00:00:00'),
(179, 0, 4, '0000-00-00', 0.00, 'FREE', 0.00, '0000-00-00 00:00:00', '0000-00-00 00:00:00'),
(180, 0, 4, '0000-00-00', 0.00, 'FREE', 0.00, '0000-00-00 00:00:00', '0000-00-00 00:00:00'),
(181, 0, 4, '0000-00-00', 0.00, 'FREE', 0.00, '0000-00-00 00:00:00', '0000-00-00 00:00:00'),
(182, 0, 4, '0000-00-00', 0.00, 'FREE', 0.00, '0000-00-00 00:00:00', '0000-00-00 00:00:00'),
(183, 0, 4, '0000-00-00', 0.00, 'FREE', 0.00, '0000-00-00 00:00:00', '0000-00-00 00:00:00'),
(184, 0, 4, '0000-00-00', 0.00, 'FREE', 0.00, '0000-00-00 00:00:00', '0000-00-00 00:00:00'),
(185, 0, 4, '0000-00-00', 0.00, 'FREE', 0.00, '0000-00-00 00:00:00', '0000-00-00 00:00:00'),
(186, 0, 4, '0000-00-00', 0.00, 'FREE', 0.00, '0000-00-00 00:00:00', '0000-00-00 00:00:00'),
(187, 0, 4, '0000-00-00', 0.00, 'FREE', 0.00, '0000-00-00 00:00:00', '0000-00-00 00:00:00'),
(188, 0, 4, '0000-00-00', 0.00, 'FREE', 0.00, '0000-00-00 00:00:00', '0000-00-00 00:00:00'),
(189, 0, 4, '0000-00-00', 0.00, 'FREE', 0.00, '0000-00-00 00:00:00', '0000-00-00 00:00:00'),
(190, 0, 4, '0000-00-00', 0.00, 'FREE', 0.00, '0000-00-00 00:00:00', '0000-00-00 00:00:00'),
(191, 0, 4, '0000-00-00', 0.00, 'FREE', 0.00, '0000-00-00 00:00:00', '0000-00-00 00:00:00'),
(192, 0, 4, '0000-00-00', 0.00, 'FREE', 0.00, '0000-00-00 00:00:00', '0000-00-00 00:00:00'),
(193, 0, 4, '0000-00-00', 0.00, 'FREE', 0.00, '0000-00-00 00:00:00', '0000-00-00 00:00:00'),
(194, 0, 4, '0000-00-00', 0.00, 'FREE', 0.00, '0000-00-00 00:00:00', '0000-00-00 00:00:00'),
(195, 0, 4, '0000-00-00', 0.00, 'FREE', 0.00, '0000-00-00 00:00:00', '0000-00-00 00:00:00'),
(196, 0, 4, '0000-00-00', 0.00, 'FREE', 0.00, '0000-00-00 00:00:00', '0000-00-00 00:00:00'),
(197, 0, 4, '0000-00-00', 0.00, 'FREE', 0.00, '0000-00-00 00:00:00', '0000-00-00 00:00:00'),
(198, 0, 4, '0000-00-00', 0.00, 'FREE', 0.00, '0000-00-00 00:00:00', '0000-00-00 00:00:00'),
(199, 0, 4, '0000-00-00', 0.00, 'FREE', 0.00, '0000-00-00 00:00:00', '0000-00-00 00:00:00'),
(200, 0, 4, '0000-00-00', 0.00, 'FREE', 0.00, '0000-00-00 00:00:00', '0000-00-00 00:00:00');

-- --------------------------------------------------------

--
-- Table structure for table `users`
--

CREATE TABLE IF NOT EXISTS `users` (
  `user_id` int(10) unsigned NOT NULL AUTO_INCREMENT,
  `Email` varchar(255) COLLATE utf8_unicode_ci NOT NULL,
  `First_Name` varchar(255) COLLATE utf8_unicode_ci NOT NULL,
  `Last_Name` varchar(255) COLLATE utf8_unicode_ci NOT NULL,
  `Phone_Number` varchar(255) COLLATE utf8_unicode_ci NOT NULL,
  `Password` varchar(64) COLLATE utf8_unicode_ci NOT NULL,
  `Mailing_Address` varchar(255) COLLATE utf8_unicode_ci NOT NULL,
  `Street_Address` varchar(255) COLLATE utf8_unicode_ci NOT NULL,
  `isFB` enum('0','1') COLLATE utf8_unicode_ci NOT NULL DEFAULT '0',
  `Regconfirm` enum('0','1') COLLATE utf8_unicode_ci NOT NULL DEFAULT '0',
  `created_at` timestamp NOT NULL DEFAULT '0000-00-00 00:00:00',
  `updated_at` timestamp NOT NULL DEFAULT '0000-00-00 00:00:00',
  `Account_type` enum('A','B','C') COLLATE utf8_unicode_ci NOT NULL,
  PRIMARY KEY (`user_id`)
) ENGINE=InnoDB  DEFAULT CHARSET=utf8 COLLATE=utf8_unicode_ci AUTO_INCREMENT=18 ;

--
-- Dumping data for table `users`
--

INSERT INTO `users` (`user_id`, `Email`, `First_Name`, `Last_Name`, `Phone_Number`, `Password`, `Mailing_Address`, `Street_Address`, `isFB`, `Regconfirm`, `created_at`, `updated_at`, `Account_type`) VALUES
(1, 'user@gmail.com', 'Dummy', 'User', '1234567812121212', '$2y$08$lI01kVD1mcrAztVdtoD1nOzPy.e4mo3KUtk3hqhBglcSEI5SpcQ2y', 'ADASDASD', 'ASSADSAD', '0', '1', '2013-08-16 19:22:08', '2013-08-16 19:22:08', 'A'),
(2, 'blacksiflent9.8@gmail.com', 'EDGAR REYES', '1234A', '121212212121212', '$2y$08$jWs2OdaSh2PNVGPZzEXRau0gaHi3SHqXA0yVpQAHsaOsrC5Uvx8Fu', '1234A', '1234A', '0', '0', '0000-00-00 00:00:00', '0000-00-00 00:00:00', ''),
(3, 'dblacksilent9.8@gmail.com', 'EDGAR REYES', '1234A', '121212212121212', '$2y$08$1jqshI4SIgG.qT73ypj7RuzBFeCNeSrNCx.fS3kJJUDSpn4WoEiDi', '1234A', '1234A', '0', '0', '0000-00-00 00:00:00', '0000-00-00 00:00:00', ''),
(4, 'erblacksilent9.8@gmail.com', 'EDGAR REYES', '1234A', '121212212121212', '$2y$08$bn.TvXpJInq1quCbrmUA7ev11uJi9O7YPbQ34UzC93ZwpFjnaChcO', '1234A', '1234A', '0', '0', '0000-00-00 00:00:00', '0000-00-00 00:00:00', ''),
(5, 'fblacksilent9.8@gmerail.com', 'EDGAR REYES', '1234A', '121212212121212', '$2y$08$pdIjy7wwaISElzqDty7fKOqfnOfS0qBd1fkvOodFt.OhaRQzGCWaG', '1234A', '1234A', '0', '0', '0000-00-00 00:00:00', '0000-00-00 00:00:00', ''),
(6, 'tytryblacksilent9.8@gmail.com', 'EDGAR REYES', '1234A', '121212212121212', '$2y$08$mEIQeJy4lrNPoFlRP4Q8POldB9hutNLrML65yWbp2MVP3s8d3oI/O', '1234A', '1234A', '0', '0', '0000-00-00 00:00:00', '0000-00-00 00:00:00', ''),
(7, 'blacksdfdsfilent9.8@fdfsdf.com', 'EDGAR REYES', '1234A', '121212212121212', '$2y$08$1R8zkZsnuBnqdDAkqGbXnuW0rXogSq6BPtafnEAeziHtnyUKuq.2i', '1234A', '1234A', '0', '0', '0000-00-00 00:00:00', '0000-00-00 00:00:00', ''),
(8, 'dsfdsfblacksilent9.8@gmail.com', 'EDGAR REYES', '1234A', '121212212121212', '$2y$08$qnkiADE7gGbyOi/dnB3PouVHy.S6q1PUWlV1ILuJrAK6wZm38J5Z.', '1234A', '1234A', '0', '0', '0000-00-00 00:00:00', '0000-00-00 00:00:00', ''),
(9, 'blacksilsfdfsdfsdfent9.8@gmail.com', 'EDGAR REYES', '1234A', '121212212121212', '$2y$08$36IMEugnQXmCrUqNigrE5.tGNKKM/hxckndAJJ7r7A1M5GlgkYzjK', '1234A', '1234A', '0', '0', '0000-00-00 00:00:00', '0000-00-00 00:00:00', ''),
(10, 'blacksilent9.8@gmail.asfafcom', 'EDGAR REYES', '121212', '12212121212121', '$2y$08$wAfd7pwJeCfsSLQqztpQGOUXvA/ku4sTi2yPX6NgXVJ1yMnUUpw.i', '1234A', '12', '0', '0', '0000-00-00 00:00:00', '0000-00-00 00:00:00', ''),
(11, 'blacksfgilent9fsdfs.8@gmail.com', 'EDGAR REYES', '121212', '12212121212121', '$2y$08$IvkXIGv/IwIcs7.Hk.ozHeBzwvl2/UiCDO8lGo6PAx1EeF.SpQvom', '1234A', '12', '0', '0', '0000-00-00 00:00:00', '0000-00-00 00:00:00', ''),
(12, 'fsdfsfblacksilent9.8@gmail.com', 'EDGAR REYES', '121212', '12212121212121', '$2y$08$OVwAc7zic21r58zpHsYzUeLqTksyvUrSjmq872UuH8u5l0RGXw4OC', '1234A', '12', '0', '0', '0000-00-00 00:00:00', '0000-00-00 00:00:00', ''),
(13, 'blacksilent9.8@gmail.com', 'EDGAR REYES', '121212', '12212121212121', '$2y$08$/dUHG05jvPsGdpDQeyt6EO2b4HaAu33bYuVV5W98n8kzUzOgPh/S6', '1234A', '12', '0', '0', '0000-00-00 00:00:00', '0000-00-00 00:00:00', ''),
(14, 'cl@on.er', '', '', '123', '123', '123', '123', '0', '0', '0000-00-00 00:00:00', '0000-00-00 00:00:00', ''),
(15, 'cl@on.er', 'Jay', 'Mark', '3', '$2y$10$9TW2tQbUPAMg4.e7yOVoxOcJP3ZdkQwKNzU2cMeIvCvp9ZqIURHj2', '1231', '2', '0', '0', '0000-00-00 00:00:00', '0000-00-00 00:00:00', ''),
(16, 'honeylida72@gmail.com', 'zxdsfs', 'sdfs', 'dfh', '$2y$10$Y2DunQdyMDQeedq2VlMifuGv8ZVB7TZnJ9OkKmX7Hz7EPT9DNwP.6', 'dfh', 'dh', '0', '0', '0000-00-00 00:00:00', '0000-00-00 00:00:00', ''),
(17, 'sdfsdf@gmail.com', 'sddfsdf', 'fdsf', '123', '$2y$10$UBWZqsqGDKa2zlshWnWc7O2Tk5oeX4lgPmKp7D7BnjgW9CoHhsslq', '123', '123', '0', '0', '0000-00-00 00:00:00', '0000-00-00 00:00:00', '');

/*!40101 SET CHARACTER_SET_CLIENT=@OLD_CHARACTER_SET_CLIENT */;
/*!40101 SET CHARACTER_SET_RESULTS=@OLD_CHARACTER_SET_RESULTS */;
/*!40101 SET COLLATION_CONNECTION=@OLD_COLLATION_CONNECTION */;
